#{"t_start": 1783705331.5879314, "env_id": "LunarLander-v3"}
r,l,t
78.332435,251,1.808116
264.340791,279,2.032888
222.601835,308,2.278944
50.793917,225,2.684475
252.812886,306,2.933928
220.76977,339,3.204859
206.534039,414,3.79226
258.912929,309,4.036399
229.679817,321,4.305513
248.991727,309,4.546578
299.941756,302,5.027596
252.947329,289,5.249148
-18.343588,232,5.428977
255.400979,305,5.891388
237.37068,346,6.165922
266.313255,312,6.420182
231.259558,292,6.865763
237.366556,298,7.099376
251.58844,262,7.298698
249.685759,393,7.599793
270.535847,302,8.054209
275.777147,445,8.393479
273.570418,291,8.617068
249.029662,339,9.125989
261.026219,307,9.375151
290.683494,382,9.680921
290.198821,289,10.159703
252.029459,316,10.412788
33.49839,242,10.60355
254.388143,322,11.079279
247.727512,338,11.34675
119.704638,1000,12.364475
234.474012,296,12.58619
254.653584,298,12.810055
274.708652,315,13.283971
227.129735,282,13.506725
257.050234,321,13.762687
287.043376,290,14.246613
281.19172,278,14.47623
254.180867,308,14.729082
269.722263,287,15.234464
264.482329,326,15.481804
257.743156,323,15.734272
154.390513,1000,16.835921
270.805833,322,17.091555
261.571465,348,17.59482
35.382415,259,17.799354
253.718868,321,18.051976
247.526136,320,18.536918
284.474904,315,18.783093
265.126937,399,19.101114
268.579221,359,19.641056
247.178277,299,19.880571
22.095942,231,20.061579
277.326467,306,20.544107
278.421343,325,20.797652
275.809324,319,21.043467
254.823218,290,21.265403
244.849433,320,21.726952
253.252756,299,21.955292
272.999954,291,22.175867
284.80741,306,22.643631
245.831631,315,22.888165
270.234962,349,23.164019
241.700116,284,23.639599
259.657084,287,23.873349
263.301294,292,24.106934
278.661615,272,24.330836
272.149496,310,24.820328
276.580309,270,25.069709
57.281724,228,25.270329
278.007445,383,25.815448
265.142144,309,26.061903
282.43187,320,26.321505
252.476373,311,26.570304
292.89157,296,27.053691
280.345539,332,27.316521
247.838072,324,27.570623
269.427577,353,28.107008
263.641405,328,28.359746
239.17593,392,28.668711
54.77099,223,29.086019
253.84053,354,29.370468
263.697468,282,29.60648
264.945793,289,30.081677
256.063783,335,30.348737
296.131869,283,30.572876
40.363706,256,30.773596
163.150896,1000,31.842319
253.90904,269,32.307877
258.910382,312,32.553847
254.363312,316,32.801708
257.427494,324,33.331933
275.90502,274,33.544168
130.98877,1000,34.556792
288.396144,346,34.821644
247.04849,276,35.036609
263.71484,295,35.486476
263.060804,307,35.724326
234.661561,306,35.949804
219.313154,313,36.400688
227.239981,317,36.639901
279.059544,338,36.895588
241.561756,312,37.349221
45.39446,215,37.513355
270.710491,336,37.770976
231.508258,303,38.001308
235.528912,288,38.442939
237.716239,300,38.666375
273.269539,411,38.981801
275.464091,295,39.434685
223.207853,286,39.65639
291.631616,355,39.930939
250.453752,306,40.395234
261.164008,365,40.680629
263.603866,302,40.915494
121.799105,1000,41.945302
225.419607,335,42.429791
293.769239,301,42.662022
242.720337,304,42.904402
233.990125,317,43.151312
31.408495,242,43.572356
258.831859,336,43.841038
262.965689,314,44.104707
277.176801,277,44.606491
253.388315,315,44.855434
287.194529,369,45.174143
262.916693,321,45.698518
288.302157,344,45.989064
227.254907,304,46.232646
260.945732,311,46.713823
272.537142,330,46.980076
258.236097,822,47.879241
251.280671,275,48.100192
279.366553,414,48.441195
255.075586,304,48.928327
271.562546,321,49.193713
257.550484,319,49.451474
268.959603,336,49.945892
270.774647,408,50.254773
273.673757,296,50.480492
269.738499,324,50.96224
259.021323,311,51.205208
254.054218,294,51.436363
278.609303,293,51.665732
280.722287,599,52.390903
262.510542,357,52.706825
278.180886,300,53.156928
259.500449,332,53.410862
256.997726,281,53.627788
274.02842,361,54.135672
254.717588,292,54.375662
264.763305,288,54.598055
154.583523,1000,55.682913
250.98182,440,56.329225
255.015163,803,56.985795
252.855249,609,57.708368
259.31443,591,58.395272
109.328152,1000,59.41293
259.080218,473,59.799184
146.256569,1000,60.81651
284.896053,367,61.108455
155.348547,1000,62.131202
137.206975,1000,63.136089
105.418825,1000,64.169073
161.602219,1000,65.202816
112.147869,1000,66.21076
155.77113,1000,67.22035
57.07268,251,67.413707
227.742869,581,68.092193
260.244566,701,68.854235
48.901514,258,69.056079
269.158056,392,69.368035
219.428217,385,69.890515
221.264709,332,70.152116
279.908267,484,70.529422
249.221163,358,71.04095
240.142132,306,71.285279
104.35088,1000,72.345799
146.642219,1000,73.402032
269.939329,322,73.659625
268.28821,352,74.170754
205.461556,375,74.465895
248.215921,303,74.723262
233.228832,321,75.22825
240.250632,318,75.491661
279.560827,396,75.825624
245.132475,320,76.366088
266.593337,333,76.629154
279.222836,331,76.890018
232.132229,328,77.373904
216.836856,320,77.626191
28.01487,213,77.789718
241.924905,308,78.250022
294.917593,337,78.515024
30.800334,279,78.728035
244.631561,320,78.978761
140.193896,1000,80.048094
273.81514,338,80.575656
233.653393,433,80.943871
257.478583,311,81.198567
218.536588,300,81.689187
254.973774,310,81.932186
273.174021,407,82.25541
268.267024,342,82.761303
270.466138,382,83.05215
256.95106,304,83.29542
85.049261,1000,84.374214
262.087016,309,84.892675
262.312293,356,85.172765
284.69885,366,85.46753
254.000814,346,85.985735
261.519359,343,86.258937
119.535169,1000,87.294735
248.924675,312,87.536879
233.61869,317,88.004121
238.381632,424,88.333265
271.042531,380,88.852232
279.606583,314,89.103746
270.101504,310,89.354966
250.347279,353,89.650209
266.873652,346,90.173261
261.94972,338,90.449062
278.96038,317,90.732427
245.289348,323,91.21195
270.403033,324,91.464191
134.822106,1000,92.489697
30.590981,227,92.661158
286.340428,302,93.113326
250.503057,318,93.358636
269.768779,350,93.62593
249.226,396,94.156013
256.845616,372,94.441361
261.17482,311,94.6758
216.579435,385,95.210931
47.92897,252,95.402211
254.97499,314,95.644066
147.738731,1000,96.625762
271.607161,281,96.834486
283.436169,320,97.294471
242.380795,306,97.522133
278.315238,345,97.776572
251.628221,302,98.21117
257.626874,320,98.44746
261.053759,302,98.669355
304.413356,341,99.13633
229.531754,330,99.380009
258.759276,300,99.598455
282.836434,310,100.043494
280.964943,359,100.332172
258.620256,338,100.591424
251.856675,290,101.028004
269.49931,307,101.258959
295.650953,341,101.517388
278.861254,336,101.769634
278.852629,339,102.23855
279.768391,343,102.500626
261.949914,360,102.771025
244.568094,318,103.253765
248.903809,325,103.502995
275.624247,338,103.756948
